row_index,text,cluster_id,is_noise,x,y,z
0,年末基金经理会调仓吗？,2,False,-0.06474284082651138,0.20681661367416382,0.04082556068897247
1,熊市应该怎么操作？,4,False,-0.09827766567468643,0.03808796405792236,0.06221798062324524
2,什么是止盈和止损？如何设置止损位？,1,False,-0.0844280868768692,-0.04388308525085449,-0.0005525284796021879
3,LOF基金和ETF有什么区别？,2,False,-0.046478062868118286,0.11762325465679169,-0.17342258989810944
4,发起式基金有什么特殊之处？,2,False,-0.08767114579677582,0.07309267669916153,-0.15095394849777222
5,什么是分批建仓？有什么好处？,1,False,-0.060925908386707306,0.03084392100572586,-0.0636519119143486
6,什么是拉升？,1,False,-0.09998641163110733,-0.22126010060310364,0.015816183760762215
7,什么是世界杯魔咒？,1,False,-0.007984567433595657,-0.17369574308395386,0.06851351261138916
8,怎么看股票的K线图？,4,False,-0.08755704015493393,-0.026453666388988495,0.13399146497249603
9,中概股回归对A股有什么影响？,4,False,-0.1105058565735817,-0.017900852486491203,0.06870131194591522
10,什么是基金组合？,2,False,-0.05526360869407654,0.03014293871819973,-0.17760993540287018
11,债券违约后申请财产保全？,3,False,-0.04082585498690605,0.11813325434923172,0.02248370088636875
12,投资新兴市场债券的汇率风险？,3,False,-0.015529773198068142,0.17508089542388916,-0.12060215324163437
13,什么是确认偏误？,1,False,-0.0942915827035904,-0.1703946441411972,0.08467328548431396
14,什么是平价发行、溢价发行和折价发行？,1,False,-0.09086605161428452,-0.13433480262756348,-0.059898603707551956
15,债券和利率互换有什么关系？,3,False,-0.05321161076426506,0.021434644237160683,-0.21448980271816254
16,如果买了黄金期货，一直不平仓会怎样？,0,False,0.22696886956691742,0.09299362450838089,0.041542112827301025
17,什么是调味品股？,4,False,-0.12263158708810806,-0.14670558273792267,0.013611896894872189
18,为什么债券的折算率会下调？,3,False,-0.03761261701583862,0.04485785961151123,-0.1396332085132599
19,我是新手，该怎么选择第一只股票？,4,False,-0.12408582866191864,0.07405811548233032,0.13725464046001434
20,股票最少买多少股？,4,False,-0.11269044131040573,0.023874683305621147,0.11680464446544647
21,债券的发行价格有几种？,3,False,-0.06187967583537102,0.009683455340564251,-0.1607227474451065
22,股票退市了，我手里的股票怎么办？,4,False,-0.10292033851146698,0.07194068282842636,0.21200010180473328
23,索罗斯的“反身性”理论在黄金市场如何体现？,0,False,0.23758280277252197,-0.0566471628844738,-0.030675368383526802
24,2015年大牛市是怎么回事？,4,False,-0.11374415457248688,-0.046549972146749496,0.02199607528746128
25,如何给PDF文件加密？,4,False,-0.01363788265734911,-0.054658107459545135,0.209014430642128
26,个人纸黄金交易的收益，需要缴纳个人所得税吗？,0,False,0.23116031289100647,0.07259473204612732,0.06712714582681656
27,什么是矿产金？,0,False,0.23946793377399445,-0.21926958858966827,-0.09251930564641953
28,基金定投应该选择哪天扣款？,2,False,-0.045521076768636703,0.2171475887298584,0.04242682829499245
29,什么是避险情绪？它如何推高金价？,0,False,0.22618375718593597,-0.12909679114818573,-0.08372445404529572
30,什么是慢牛？,1,False,-0.13986121118068695,-0.12894466519355774,0.02330438233911991
31,银行A的积存金和银行B的有什么区别？,1,False,0.024815108627080917,-0.021021224558353424,-0.07479087263345718
32,如何通过手机银行购买纸黄金？,0,False,0.26710766553878784,0.030201051384210587,0.11034072190523148
33,房住不炒背景下地产股还能买吗？,4,False,-0.06058874726295471,0.13170816004276276,0.1307300329208374
34,什么是除息日？,4,False,-0.049275774508714676,-0.027000216767191887,-0.009591270238161087
35,什么是题材股？,4,False,-0.1393950879573822,-0.1291431188583374,0.0545024499297142
36,金银比达到多少时是买入白银的好时机？,0,False,0.14297592639923096,0.07888766378164291,-0.006088815629482269
37,什么是基金套利？,2,False,-0.0678226575255394,0.03931219130754471,-0.1834484040737152
38,公司债ETF和国债ETF哪个风险大？,3,False,-0.0657101422548294,0.22488954663276672,-0.14013415575027466
39,利率变动对债券基金有什么影响？,3,False,-0.05814163759350777,0.14920993149280548,-0.21112890541553497
40,汽车贷款ABS的早偿风险？,3,False,-0.06195332109928131,0.03986520320177078,0.05071684718132019
41,什么是固收+策略？,1,False,-0.0926177054643631,-0.01155198086053133,-0.16692538559436798
42,高送转为什么受市场追捧？,4,False,-0.1367105394601822,-0.05684715136885643,0.04749758169054985
43,量价关系有哪些基本规律？,1,False,-0.026948267593979836,-0.12564495205879211,-0.0145771699026227
44,什么是国际收支平衡？,1,False,-0.029936233535408974,-0.17927028238773346,-0.06200290843844414
45,房地产企业发债受限吗？,3,False,-0.07656962424516678,0.07123476266860962,-0.006767808459699154
46,什么是非农就业数据？,1,False,0.004719148855656385,-0.1364113837480545,-0.030859079211950302
47,炒股亏损能抵扣个税吗？,4,False,-0.0584104061126709,0.1278807818889618,0.1907953917980194
48,香港的现货黄金（伦敦金）交易合法吗？,0,False,0.2932067811489105,0.03665623068809509,0.036265116184949875
49,MACD金叉和死叉怎么看？,4,False,0.06772708892822266,-0.03282320499420166,0.09873825311660767
50,什么是国际金价？,0,False,0.30727142095565796,-0.20551088452339172,-0.12296648323535919
51,什么是增强型指数基金？它真的能跑赢指数吗？,2,False,-0.123651422560215,0.1427985280752182,-0.06832171976566315
52,驾驶证到期了怎么换？,4,False,-0.014211115427315235,0.005109394434839487,0.24001875519752502
53,什么是债券置换？,3,False,-0.11925482004880905,-0.06554629653692245,-0.17924202978610992
54,鸡蛋要不要放在一个篮子里？,4,False,0.014052018523216248,0.03717019036412239,0.132459357380867
55,什么是股票基金？,2,False,-0.11014360934495926,0.046075936406850815,-0.18329599499702454
56,可转债的交易规则是怎样的？,3,False,-0.09889678657054901,0.04521871358156204,-0.08553482592105865
57,什么是黄金矿业公司的股票？,0,False,0.2027786821126938,-0.1499755084514618,-0.023964881896972656
58,黄金的供需关系如何影响价格？,0,False,0.3811587393283844,-0.10731049627065659,-0.05571713298559189
59,如何鉴别非法的黄金外汇交易平台？,0,False,0.20289142429828644,-0.0029115197248756886,0.023486468940973282
60,封闭式基金的折价交易正常吗？,2,False,-0.05348462611436844,0.16508238017559052,-0.002042351523414254
61,黄金价格的支撑位和阻力位怎么看？,0,False,0.2858438789844513,-0.046513497829437256,-0.016090264543890953
62,精装修政策对家居股的影响？,4,False,-0.06881718337535858,-0.02948969230055809,0.15247951447963715
63,国债逆回购怎么买？,3,False,-0.07493028044700623,0.14123688638210297,-0.08431839197874069
64,吃了黄金会中毒吗？（玩笑性质）,0,False,0.33923640847206116,0.008408481255173683,0.08485958725214005
65,A股能否走出慢牛行情？,4,False,-0.10457766801118851,0.07367045432329178,0.13167712092399597
66,基金的分红方式有哪些？,2,False,-0.09795159846544266,0.1227765679359436,-0.02732020802795887
67,什么是填权行情？,1,False,-0.14001862704753876,-0.13692913949489594,0.03156076744198799
68,买卖ETF基金和买卖股票的手续费一样吗？,2,False,-0.020950566977262497,0.23289217054843903,-0.01680881716310978
69,同花顺、东方财富这些软件上的Level-2数据有用吗？,2,False,-0.046606894582509995,0.07758451253175735,-0.009683680720627308
70,投资黄金期货和期权对年龄和资产有要求吗？,0,False,0.19362646341323853,0.13218024373054504,-0.06431961804628372
71,怎么买指数？,2,False,-0.09451767802238464,0.10853292047977448,0.03029394894838333
72,孩子教育金适合买黄金吗？,0,False,0.31052374839782715,0.11652325838804245,0.04268816486001015
73,美国非农就业数据对黄金有什么影响？,0,False,0.31273430585861206,-0.046517517417669296,-0.008783411234617233
74,个税怎么计算？,4,False,-0.05230851098895073,-0.032909393310546875,0.11679302901029587
75,正极、负极、隔膜、电解液是什么？,1,False,-0.08944880962371826,-0.2047957479953766,0.030489088967442513
76,怎么写辞职信？,4,False,-0.08693484216928482,-0.07835032045841217,0.1796760857105255
77,美林时钟理论对债券配置的指导？,3,False,-0.020942477509379387,0.10101168602705002,-0.09261878579854965
78,AH股溢价是什么意思？,1,False,-0.10003485530614853,-0.14382456243038177,-0.056043315678834915
79,什么是基金转换？,2,False,-0.08815783262252808,0.04095369949936867,-0.12633217871189117
80,什么是V型反转？,1,False,-0.14961624145507812,-0.2216653972864151,0.04773125797510147
81,什么是欧元债券？,3,False,-0.05172594264149666,-0.09144452214241028,-0.20189940929412842
82,什么是基金管理人？什么是基金托管人？他们的职责是什么？,2,False,-0.061775676906108856,0.015429526567459106,-0.16793110966682434
83,什么是物联网？,1,False,-0.09675083309412003,-0.22451823949813843,0.02598695643246174
84,如何屏蔽骚扰电话？,4,False,-0.026281706988811493,-0.0580080971121788,0.22949601709842682
85,2020年新冠疫情下，黄金为何创下新高？,0,False,0.32317042350769043,-0.04634331166744232,0.010229242034256458
86,集采对医药股的影响到底有多大？,4,False,-0.0856838971376419,-0.035729553550481796,0.07757344841957092
87,什么是金融债？,3,False,-0.05008761212229729,-0.07882893085479736,-0.23807081580162048
88,卖出黄金期权有什么风险？,0,False,0.21185414493083954,0.06256430596113205,-0.033315300941467285
89,什么是实物黄金？包括哪些种类？,0,False,0.3499683737754822,-0.13286085426807404,-0.07117919623851776
90,什么是互动易平台？,1,False,-0.09268561750650406,-0.1455506980419159,-0.0032483504619449377
91,黄金ETF的交易时间是什么时候？,0,False,0.19610600173473358,0.12385278195142746,-0.004289226606488228
92,理财净值化是什么意思？,2,False,-0.09493542462587357,0.015365349128842354,-0.1720677614212036
93,什么是股权质押？,1,False,-0.1274193823337555,-0.1741165965795517,0.00887268502265215
94,什么是旅游股？,4,False,-0.1708613485097885,-0.16345827281475067,0.017984138801693916
95,通货膨胀下买什么基金好？,2,False,-0.001086186501197517,0.21118225157260895,-0.06517136096954346
96,什么是科创板？开通科创板需要什么条件？,4,False,-0.15656207501888275,-0.0469372384250164,0.06299339234828949
97,回购股份对股价有什么影响？,4,False,-0.10876880586147308,-0.05440223962068558,0.063650943338871
98,医保卡可以给家人用吗？,4,False,-0.005196577403694391,0.09672132879495621,0.19489999115467072
99,什么是独角兽概念股？,4,False,-0.14720483124256134,-0.11958365142345428,0.029111120849847794
100,黄金期货的交易单位是多少（一手多少克）？,0,False,0.2574828863143921,-0.014575346373021603,-0.029205167666077614
101,什么是REITs基金？,2,False,-0.10110852122306824,0.012279602698981762,-0.10719440877437592
102,如果恢复金本位制会怎么样？,0,False,0.15594512224197388,-0.04546711966395378,0.038823310285806656
103,如何评价一个基金经理？,2,False,-0.06309539079666138,0.10230837762355804,-0.09432277828454971
104,这类股票为什么比较稳健？,4,False,-0.13358861207962036,0.040049828588962555,-0.03533143550157547
105,Wi-Fi连不上怎么办？,4,False,-0.02500334195792675,-0.07177042216062546,0.2701493799686432
106,什么是报价回购？,1,False,-0.08724852651357651,-0.16555127501487732,-0.009916141629219055
107,未来五年黄金的走势如何看待？,0,False,0.3152209520339966,-0.01089031994342804,-0.0008503862773068249
108,如何开通股票账户？需要带什么材料？,4,False,-0.0890829935669899,0.04634586721658707,0.11879818141460419
109,基金账户销户怎么办理？,2,False,-0.08456696569919586,0.1933024674654007,0.12903811037540436
110,数字人民币概念股有哪些？,4,False,-0.048024117946624756,0.02818695455789566,0.06996969878673553
111,什么是代表性偏差？,1,False,-0.09648624807596207,-0.16195611655712128,0.03178677335381508
112,资管新规对基金有什么影响？,2,False,-0.0686008632183075,0.13979877531528473,-0.05808475613594055
113,什么是恐慌性抛售？,1,False,-0.06834639608860016,-0.12901559472084045,-0.0425783134996891
114,黄金和房产相比，哪个更保值？,0,False,0.3081223964691162,0.008908404037356377,-0.021632496267557144
115,在互动易上提问公司会回复吗？,4,False,-0.052385248243808746,-0.003928074613213539,0.2209845632314682
116,什么是托管费？,1,False,-0.0463775098323822,-0.08544852584600449,-0.0036766475532203913
117,什么是医疗器械？,1,False,-0.10334555804729462,-0.2200692594051361,0.017479876056313515
118,黄金不生息，为什么还要投资它？（机会成本问题）,0,False,0.24049469828605652,0.01999056152999401,-0.03447093814611435
119,黄金抵押贷款的利率是多少？,0,False,0.24676525592803955,0.026433268561959267,-0.05030154064297676
120,基金定投可以部分赎回吗？,2,False,-0.07657400518655777,0.268030047416687,0.0045268358662724495
121,在哪里能看到基金的持仓信息？,2,False,-0.045441459864377975,0.13999052345752716,0.03997528553009033
122,设置止盈点重要吗？,4,False,-0.035534560680389404,0.09932493418455124,0.07152494788169861
123,什么是回收金？,1,False,0.11971381306648254,-0.15276788175106049,-0.10907986015081406
124,如何提高打新的中签率？,4,False,-0.06277475506067276,0.06787381321191788,0.13861238956451416
125,如何通过期货市场对冲黄金价格风险？,0,False,0.2616100013256073,0.06695175915956497,-0.053645484149456024
126,什么是“绿金”？和黄金有关吗？,0,False,0.3299899697303772,-0.1136045753955841,-0.046962808817625046
127,基金经理的从业年限多长比较好？,2,False,-0.05902557820081711,0.1861913800239563,-0.035442911088466644
128,什么是阿尔法（α）系数和贝塔（β）系数？,1,False,-0.04679655283689499,-0.17337097227573395,-0.013630039058625698
129,什么是K线图？它由哪几部分构成？,1,False,-0.10212390124797821,-0.14547757804393768,-0.03432368114590645
130,什么是汇率风险？,1,False,-0.012945362366735935,-0.0956101268529892,-0.11507032066583633
131,半导体产业链有哪些环节？,1,False,-0.03778259456157684,-0.1808629333972931,0.06790129840373993
132,什么是黄金远期？,0,False,0.2485773265361786,-0.12224692851305008,-0.09054441750049591
133,附近有什么好吃的餐厅推荐？,4,False,-0.03772003576159477,-0.07353609800338745,0.18416039645671844
134,五险一金有什么用？,1,False,0.01766197197139263,-0.01606973633170128,0.05095669999718666
135,离婚时基金资产怎么分割？,2,False,-0.015379651449620724,0.1666572242975235,-0.024564361199736595
136,什么是家电股？,4,False,-0.17490948736667633,-0.1716623604297638,0.07748466730117798
137,债券基金的风险大吗？,3,False,-0.0791252851486206,0.27300503849983215,-0.15721051394939423
138,净值型理财怎么选？,2,False,-0.08233827352523804,0.19089798629283905,-0.12326177209615707
139,高管增持是见底信号吗？,4,False,-0.1431170105934143,0.05200580134987831,0.06191550940275192
140,“上海金”和“伦敦金”谁的影响力更大？,0,False,0.303218811750412,-0.08806733042001724,-0.015663471072912216
141,经济危机（如金融危机）对黄金是利好还是利空？,0,False,0.31886255741119385,0.013316580094397068,-0.03817381709814072
142,债券ETF怎么交易？,3,False,-0.06841965764760971,0.16208502650260925,-0.09663808345794678
143,手机死机了怎么办？,4,False,-0.028394538909196854,-0.02156793884932995,0.2812402844429016
144,新股破发了怎么办？,4,False,-0.15485572814941406,0.08462222665548325,0.16125057637691498
145,为什么有时缩量上涨是危险的？,4,False,-0.06831378489732742,-0.03627513349056244,0.04096757993102074
146,未成年人可以开立账户黄金吗？,0,False,0.2702305316925049,0.10427940636873245,0.09964238107204437
147,自然灾害（如大地震）发生后，黄金价格会涨吗？,0,False,0.335592120885849,0.020245475694537163,0.04539182782173157
148,什么是风险警示板？,1,False,-0.109400674700737,-0.1347232460975647,-0.026045463979244232
149,用黄金来对抗货币贬值，效果如何？,0,False,0.3463295102119446,0.007016656454652548,0.0025586045812815428
150,如何给周期股估值？,4,False,-0.09054440259933472,-0.03822769224643707,0.03545135632157326
151,黄金和债券哪个更安全？,0,False,0.21337339282035828,0.13623836636543274,-0.11404360830783844
152,想做黄金期货，需要单独开通什么权限吗？,0,False,0.1873493790626526,0.08676878362894058,0.07464803755283356
153,巴菲特推荐的指数基金定投在国内适用吗？,2,False,-0.05750130116939545,0.22192561626434326,-0.048707690089941025
154,什么是股指期货？,1,False,-0.06800711154937744,-0.06033054366707802,-0.11068154871463776
155,债券基金的单位净值越高越好吗？,3,False,-0.08123573660850525,0.2303401678800583,-0.14373265206813812
156,信托产品和基金有什么不同？,2,False,-0.05889451131224632,0.08142245560884476,-0.1731148064136505
157,日本央行宽松政策对金价有影响吗？,0,False,0.298491895198822,0.018118295818567276,-0.020261669531464577
158,我该拿多少钱来炒股比较合适？（仓位管理）,4,False,-0.05597450211644173,0.10987915098667145,0.041860949248075485
159,什么是博格公式？,1,False,-0.04658785089850426,-0.19227340817451477,-0.06462676078081131
160,子弹策略、哑铃策略和阶梯策略是什么？,1,False,-0.01396469958126545,-0.10093003511428833,-0.010855058208107948
161,基金暂停申购怎么回事？,2,False,-0.09239699691534042,0.12424999475479126,0.042847637087106705
162,"什么是技术分析？常用的技术指标有哪些？（如MACD, KDJ, 均线）",1,False,-0.05958106368780136,-0.11519108712673187,-0.03192853927612305
163,证金公司、汇金公司是干什么的？,1,False,0.03857480734586716,-0.04072980955243111,-0.09068045765161514
164,交易手续费包括哪些项目？印花税现在是多少？,4,False,-0.007208969444036484,-0.0028418053407222033,0.05071850121021271
165,基金转换能省时间吗？,2,False,-0.027743646875023842,0.24121522903442383,0.06404068320989609
166,黄金期货和Au(T+D)的夜盘交易时间是什么时候？为什么夜盘很重要？,0,False,0.16874206066131592,0.012436899356544018,0.0003350048791617155
167,股票交易记录要保存多久？,4,False,-0.07102258503437042,0.08860084414482117,0.1329958289861679
168,投资金条和金币有什么区别？哪个更好？,0,False,0.23867397010326385,-0.0034833934623748064,-0.09019951522350311
169,每年哪些时间段（如中国春节、印度婚礼季）黄金需求较旺？,0,False,0.28037670254707336,-0.0184891726821661,0.08184581249952316
170,什么是左侧交易和右侧交易？,1,False,-0.05169681832194328,-0.13265679776668549,-0.01437610387802124
171,震荡市如何赚钱？,4,False,-0.0813978835940361,0.0443149209022522,0.03844764456152916
172,什么是黄金十字架？,0,False,0.25310593843460083,-0.21811524033546448,-0.0021924523171037436
173,高频交易是怎么回事？,1,False,-0.03187256306409836,-0.10582825541496277,-0.004715583752840757
174,什么是鱼尾行情？,1,False,-0.08784927427768707,-0.14343641698360443,-0.04915749654173851
175,整车、电池、零部件哪个环节最好？,1,False,-0.060067132115364075,-0.09517557173967361,0.0910419449210167
176,投资ABS要注意哪些风险？,3,False,-0.10181315243244171,0.09984638541936874,-0.06685741245746613
177,北向资金大幅流入流出，对基金持仓有什么指导意义？,2,False,-0.051216334104537964,0.06583389639854431,-0.011206608265638351
178,什么是操纵证券市场罪？,4,False,-0.07277734577655792,-0.06786704063415527,-0.0021226759999990463
179,什么是百分位？,1,False,-0.09079698473215103,-0.17866022884845734,-0.03052583523094654
180,券商的收益凭证和债券哪个安全？,3,False,-0.08504773676395416,0.19242139160633087,-0.10196949541568756
181,美股交易有哪些费用？,4,False,-0.03975400701165199,0.02455225959420204,0.06629647314548492
182,货币基金周末有收益吗？,2,False,0.006939749699085951,0.2443104386329651,-0.06264389306306839
183,怎么申请劳动仲裁？,4,False,-0.06997115910053253,-0.13299962878227234,0.20305755734443665
184,人均拥有多少克黄金是合理的？,0,False,0.33044371008872986,-0.028161976486444473,-0.009501549415290356
185,分级基金为什么会有杠杆？,2,False,-0.1025886982679367,0.07622342556715012,-0.15197986364364624
186,什么是基金的封闭期？,2,False,-0.07452088594436646,0.09113381803035736,-0.075953908264637
187,什么是M1、M2？,1,False,-0.05323518440127373,-0.19309794902801514,-0.09034109860658646
188,什么是公斤金条？普通人适合买吗？,0,False,0.26152169704437256,-0.04112224653363228,0.0052604759112000465
189,银行倒闭了，托管在银行的实物黄金怎么办？,0,False,0.23023633658885956,0.05504561960697174,0.10890782624483109
190,黄金和数字货币（如比特币）有什么异同？,0,False,0.2891366183757782,-0.06532000750303268,-0.09346865117549896
191,什么是庞氏骗局？,1,False,-0.07583598792552948,-0.12355990707874298,0.006630293559283018
192,黄金ETF可以做T+0交易吗？,0,False,0.16309571266174316,0.17178069055080414,0.03158034756779671
193,中线持股一般持有多久？,4,False,-0.08509783446788788,0.020031556487083435,0.10700389742851257
194,北交所和新三板是什么关系？,4,False,-0.12276186794042587,-0.07456906139850616,-0.0008259929018095136
195,大学生就业补贴怎么领？,4,False,-0.02947479858994484,-0.046205390244722366,0.15687081217765808
196,什么时候应该卖出股票？获利了结点和止损点怎么设置？,4,False,-0.1191803514957428,0.03502625226974487,0.13790753483772278
197,K金褪色是怎么回事？,0,False,0.14813396334648132,-0.06056651473045349,0.0634925439953804
198,什么是公开市场操作？,1,False,-0.0771540179848671,-0.07198715955018997,-0.043787483125925064
199,什么是ST股？买入ST股有什么风险？,4,False,-0.14618632197380066,-0.010225722566246986,0.023087693378329277
200,基金也有冠军魔咒吗？,2,False,-0.048956453800201416,0.1646416336297989,-0.006994612980633974
201,什么是处置效应（卖涨持跌）？,1,False,-0.11544200032949448,-0.11716127395629883,0.011046395637094975
202,什么是北交所？,1,False,-0.14444033801555634,-0.16020895540714264,0.008802681230008602
203,基金红利再投资能省手续费吗？,2,False,-0.045177653431892395,0.2573208212852478,0.042634379118680954
204,免税牌照含金量有多高？,4,False,-0.008610892109572887,-0.11052082479000092,0.11709786206483841
205,什么是“原封”金条？为什么回购时要求原封？,0,False,0.14419859647750854,-0.09981660544872284,0.01871170848608017
206,什么是踩踏事件？,1,False,-0.05936596170067787,-0.21530424058437347,0.07439245283603668
207,投资最重要的是什么？,1,False,-0.04697204381227493,0.0019359813304618,-0.08269160985946655
208,投资高收益债要注意什么？,3,False,-0.07901670783758163,0.14803022146224976,-0.11813138425350189
209,老师推荐的股票能买吗？,4,False,-0.09848432242870331,0.16291557252407074,0.16719944775104523
210,什么是投资者信心指数？,1,False,-0.12203624099493027,-0.07015451043844223,-0.09247194975614548
211,黑天鹅事件发生时，如何保护自己的黄金资产？,0,False,0.22123116254806519,0.050841815769672394,0.058075930923223495
212,什么是上海期货交易所的黄金期货？,0,False,0.2531590461730957,-0.10707730799913406,-0.11643066257238388
213,区块链技术会改变黄金交易方式吗？,0,False,0.30791735649108887,0.009364834055304527,0.02618938311934471
214,什么是非系统性风险？,1,False,-0.10907912999391556,-0.08085154742002487,-0.06403853744268417
215,基金转换和先赎回再申购哪个快？,2,False,-0.07616192102432251,0.185406893491745,0.04375458136200905
216,如何避免卷入内幕交易？,4,False,-0.07529950886964798,0.00409192917868495,0.11881034821271896
217,债券研究员主要做什么工作？,3,False,-0.09428106248378754,0.003908547107130289,-0.172362819314003
218,什么是“秃鹫”投资者？他们怎么投资债券？,3,False,-0.09612563252449036,0.025021499022841454,-0.1670839488506317
219,什么是LOF基金？可以在场内交易吗？,2,False,-0.04206564649939537,0.1489792764186859,-0.07978353649377823
220,什么是指数基金？,2,False,-0.08916988968849182,0.04094919562339783,-0.19355525076389313
221,基金每天净值是怎么算出来的？,2,False,-0.06889363378286362,0.13198474049568176,-0.07527849078178406
222,如何查看个股的历史分红记录？,4,False,-0.12026400864124298,0.05921144038438797,0.11545461416244507
223,什么是逆回购（央行操作）？,3,False,-0.06255947053432465,-0.06734824925661087,-0.14012712240219116
224,投资港股基金需要注意什么？,2,False,-0.09243825823068619,0.19417254626750946,-0.01279146783053875
225,投资红利指数基金有什么优势？,2,False,-0.0836624875664711,0.17850729823112488,-0.09708869457244873
226,我年纪大了，是不是应该全买国债？,3,False,-0.05160432681441307,0.22315725684165955,-0.03197794035077095
227,什么是专精特新“小巨人”？,1,False,-0.09897736459970474,-0.2031228393316269,0.05325116962194443
228,什么是CDR（中国存托凭证）？,3,False,-0.08019594848155975,-0.06633881479501724,-0.07254473865032196
229,什么是通胀挂钩债券？,3,False,-0.02818598970770836,-0.02146368846297264,-0.25070446729660034
230,基金公司自购说明什么？,2,False,-0.10120835155248642,0.1290418654680252,-0.06240195408463478
231,什么是外汇储备？,1,False,0.01505389902740717,-0.14812475442886353,-0.13843175768852234
232,如何克服黄金投资中的恐惧心理？,0,False,0.2627890110015869,0.028735578060150146,0.0009326161234639585
233,什么是交割？个人投资者能进行实物交割吗？,1,False,-0.008360537700355053,0.003598771058022976,-0.012119879014790058
234,这个字怎么读？,1,False,-0.07303764671087265,-0.12856341898441315,0.124667227268219
235,银行的保险箱业务可以保管黄金吗？,0,False,0.2629953622817993,0.08423016220331192,0.05775640904903412
236,你们APP的Level-2行情有什么功能？有必要开通吗？,4,False,-0.0641874447464943,-0.03553716838359833,0.061558227986097336
237,什么是隔夜委托？,1,False,-0.0623430572450161,-0.14412477612495422,0.05887758359313011
238,基础设施REITs值得投资吗？,2,False,-0.06320255249738693,0.16043032705783844,0.0173359252512455
239,什么是化工股？,4,False,-0.11495775729417801,-0.16827084124088287,0.02345435507595539
240,白银的波动通常比黄金大吗？,0,False,0.26799166202545166,0.03161309286952019,-0.029523499310016632
241,降息对债券基金是利好吗？,3,False,-0.052889175713062286,0.2150806486606598,-0.15319296717643738
242,什么是数字货币？,1,False,0.0174099113792181,-0.16707955300807953,-0.10416635870933533
243,债券基金分红要扣税吗？,2,False,-0.07673563808202744,0.24101893603801727,-0.02063491940498352
244,买卖基金产生的印花税吗？,2,False,-0.00625027297064662,0.1443021297454834,0.02551179751753807
245,什么是贝塔系数？,1,False,-0.07501343637704849,-0.213744655251503,-0.03919301554560661
246,ETF联接基金和ETF哪个先买？,2,False,-0.06486763060092926,0.24222996830940247,-0.04434696212410927
247,前一年的冠军基金第二年还能买吗？,2,False,-0.06584019958972931,0.29530879855155945,0.044295039027929306
248,包金和镀金有什么区别？,0,False,0.15789349377155304,-0.15165521204471588,-0.012062687426805496
249,过户费是谁收的？,4,False,-0.06632788479328156,-0.020941855385899544,0.10145041346549988
250,大盘跌个股涨是什么原因？,4,False,-0.151097372174263,-0.03152172639966011,0.0928742066025734
251,什么是灰犀牛？,1,False,-0.054278433322906494,-0.2135476917028427,0.04722355678677559
252,央行购金或售金对市场有什么影响？,0,False,0.2213737666606903,-0.030472951009869576,-0.05139879137277603
253,什么是壳资源？,1,False,-0.10338355600833893,-0.17287933826446533,-0.008015600964426994
254,标普、穆迪、惠誉三大评级机构怎么看？,1,False,-0.08116989582777023,-0.06124435365200043,-0.002479765098541975
255,什么是小金属？,1,False,0.07211929559707642,-0.20921126008033752,-0.031967729330062866
256,为什么全球黄金交易几乎是全天候的？,0,False,0.32183972001075745,-0.014660771936178207,-0.006688795052468777
257,香港的黄金市场和内地有什么区别？,0,False,0.31846505403518677,-0.0461743026971817,-0.05065522715449333
258,加息对股市有什么影响？,4,False,-0.009949981234967709,0.010503008961677551,0.004798755049705505
259,为什么黄金值钱？它的价值基础是什么？,0,False,0.3374200761318207,-0.10209771245718002,-0.07632710784673691
260,手机换了收不到验证码怎么办？,4,False,-0.012653041630983353,0.0091378940269351,0.28101107478141785
261,做T被套牢了怎么办？,4,False,-0.04822899028658867,0.03380430117249489,0.17017805576324463
262,什么是跨境ETF？,1,False,-0.09639322012662888,-0.01593519188463688,-0.12284860014915466
263,什么是核心-卫星投资策略？,1,False,-0.07576372474431992,-0.029205765575170517,-0.06896166503429413
264,帮亲戚朋友炒股有什么风险？,4,False,-0.06228204444050789,0.11533480882644653,0.08772208541631699
265,可转债的转股价格会调整吗？除权除息怎么调？,3,False,-0.08492638170719147,0.08315438777208328,0.01890496350824833
266,什么是合格境外机构投资者（QFII）？,1,False,-0.11590608954429626,-0.012650654651224613,-0.07156889885663986
267,黄金定投适合什么样的投资者？,0,False,0.18547701835632324,0.1059643030166626,-0.08532813936471939
268,日本国债为什么会负利率？,3,False,-0.042057156562805176,0.035591140389442444,-0.12368014454841614
269,军工股有投资价值吗？,4,False,-0.060375992208719254,0.060959406197071075,0.10894825309515
270,新能源主题基金还能上车吗？,2,False,-0.09904062747955322,0.20750032365322113,0.06658654659986496
271,激光雷达、摄像头概念股有哪些？,4,False,-0.08527281135320663,-0.008571423590183258,0.1289900690317154
272,什么是云计算？,1,False,-0.12835346162319183,-0.191165953874588,-0.03262362256646156
273,这句话用英语怎么说？,1,False,0.0031871406827121973,-0.14258171617984772,0.10846339911222458
274,国际局势紧张（战争、地缘政治）时，黄金价格一般怎么走？,0,False,0.34537819027900696,-0.0592411570250988,0.042690347880125046
275,注册制对散户有什么影响？,4,False,-0.10461737960577011,0.025201374664902687,0.04115791246294975
276,什么是股息率？,1,False,-0.1590098738670349,-0.10324258357286453,-0.08395316451787949
277,投资黄金有没有稳赚不赔的方法？,0,False,0.26883962750434875,0.0995803102850914,0.041844312101602554
278,什么是进口关税？对国内金价有什么影响？,0,False,0.2496611624956131,-0.1141631156206131,-0.022864865139126778
279,打新债（申购可转债）需要持仓市值吗？规则是怎样的？,3,False,-0.09700727462768555,0.13881923258304596,-0.06158476695418358
280,债券名字里的“断头铡刀”形态是什么意思？,3,False,-0.1216316819190979,-0.08591295033693314,-0.10540739446878433
281,什么是逆浮动利率债券？,3,False,-0.11570867151021957,-0.016571441665291786,-0.2351960837841034
282,什么是市盈率（PE）？,1,False,-0.16971416771411896,-0.15775126218795776,-0.12458699941635132
283,什么是智能定投？,2,False,-0.09813763946294785,0.021319516003131866,-0.06964728981256485
284,A股有熔断机制吗？（历史回顾）,4,False,-0.04074014350771904,0.015193252824246883,0.15428268909454346
285,理财赎回潮对债市有什么影响？,3,False,-0.058252520859241486,0.15213604271411896,-0.13561126589775085
286,什么是宏观交易？如何在黄金上应用？,0,False,0.23839478194713593,-0.08652430027723312,-0.08232752978801727
287,连续竞价是什么意思？,1,False,-0.08974253386259079,-0.1857122927904129,-0.018428286537528038
288,政策消息对基金影响大吗？,2,False,0.007941181771457195,0.1819579154253006,-0.016144022345542908
289,什么是权重股？,1,False,-0.15378940105438232,-0.1421641707420349,-0.026045039296150208
290,什么是建仓期？,1,False,-0.05572117865085602,0.00858348049223423,-0.041427139192819595
291,手机丢了如何定位找回？,4,False,-0.013370431028306484,-0.020515235140919685,0.25961223244667053
292,什么是爆仓？,1,False,-0.05608908832073212,-0.11773981899023056,0.03599608317017555
293,哪些行为属于操纵股价？,4,False,-0.10625201463699341,-0.1335110366344452,0.0636763647198677
294,关于黄金，最后想对普通投资者说的一句话是什么？,0,False,0.2685992121696472,0.07236937433481216,0.01915098913013935
295,哪些财经网站看债券新闻比较好？,3,False,-0.04441842436790466,0.10328653454780579,-0.04609236121177673
296,在中债登托管和在交易所托管有什么区别？,3,False,-0.09006600081920624,0.08116064965724945,-0.0938396006822586
297,什么是累积投票制？,1,False,-0.11212548613548279,-0.1472281515598297,-0.013708263635635376
298,什么时候买入基金最合适？,2,False,-0.055461253970861435,0.2558763027191162,0.03634148836135864
299,期货持仓报告（COT报告）如何分析？哪里能看到？,4,False,0.001855451730079949,-0.01785464398562908,0.025282984599471092
300,看见别人赚钱，我心急追高，结果被套，怎么调整心态？,4,False,-0.04790020361542702,0.02674640715122223,0.11781975626945496
301,人民币汇率破7对股市有什么影响？,4,False,-0.019576581194996834,0.02450859360396862,0.05328040570020676
302,为什么银行股市盈率普遍很低？,4,False,-0.12081538885831833,0.024312887340784073,-0.021245518699288368
303,什么是规模因子（小市值效应）？,1,False,-0.1340954601764679,-0.13817118108272552,-0.07889609038829803
304,天天基金网买基金怎么样？,2,False,-0.019800687208771706,0.2604868710041046,0.03883184492588043
305,新股中签一般能赚多少钱？有没有破发的风险？,4,False,-0.10552859306335449,0.07724069803953171,0.10071860253810883
306,基金清盘了，我的钱怎么办？,2,False,-0.05283781513571739,0.24274815618991852,0.09327476471662521
307,公务员考试什么时候报名？,4,False,-0.01468698214739561,0.011930986307561398,0.17361865937709808
308,债券的交易时间是什么？和股票一样吗？,3,False,-0.05010422691702843,0.09648358821868896,-0.08690860867500305
309,长期持有黄金ETF合适吗？,0,False,0.19281984865665436,0.25522199273109436,-0.028507661074399948
310,在基金公司官网买基金费率低吗？,2,False,-0.017647800967097282,0.2690078318119049,0.0340598039329052
311,怎么设置股票预警？,4,False,-0.1266346275806427,0.0130224097520113,0.18104155361652374
312,同一个基金公司的基金转换需要转TA吗？,2,False,-0.0653170719742775,0.23080527782440186,0.047217559069395065
313,国产替代在汽车零部件领域的机会？,4,False,-0.06430035084486008,-0.04281272366642952,0.1575361043214798
314,发消息给朋友他不回怎么办？,4,False,-0.03133220970630646,-0.01776452362537384,0.2600226104259491
315,游资和机构的区别是什么？,1,False,-0.0883641466498375,-0.06579416990280151,-0.06260459870100021
316,什么是集合竞价？,1,False,-0.11249951273202896,-0.1970253884792328,-0.06113426014780998
317,什么是成交量？,1,False,-0.07812775671482086,-0.18684720993041992,-0.008089105598628521
318,可转债会违约吗？如果正股退市了，我的转债怎么办？,3,False,-0.10618853569030762,0.14130577445030212,0.04822096973657608
319,现在这个时间点（某个特定时刻，如春节前）适合买黄金吗？,0,False,0.2617865800857544,0.15716877579689026,0.08921615779399872
320,什么是伞形信托？,1,False,-0.1286468505859375,-0.10799822211265564,-0.12369782477617264
321,共享单车怎么退押金？,4,False,-0.002681306330487132,0.0008468662854284048,0.20716747641563416
322,打新债和打新股哪个好？,3,False,-0.10287559032440186,0.14866510033607483,-0.06375010311603546
323,周末和节假日可以交易账户黄金吗？,0,False,0.2913832664489746,0.12379006296396255,0.10265711694955826
324,什么是分级基金？（虽然整改，但可能有存量客户问）,2,False,-0.14244593679904938,0.06529952585697174,-0.11062123626470566
325,基金投顾和FOF有什么区别？,2,False,-0.04350098967552185,0.09927209466695786,-0.13451340794563293
326,基金净值晚上才出来是不是有猫腻？,2,False,-0.06448885798454285,0.19816040992736816,0.015711089596152306
327,如何清洗黄金首饰？,0,False,0.28722402453422546,0.005103453528136015,0.11535391956567764
328,什么是定向工具？,1,False,-0.09985723346471786,-0.23520606756210327,0.03249720484018326
329,什么是巨额赎回？,1,False,-0.08750671148300171,-0.04571036994457245,-0.09269768744707108
330,什么是夏普比率？数值越大说明基金越好吗？,2,False,-0.056341275572776794,0.05554581806063652,-0.08660003542900085
331,什么是低波因子？,1,False,-0.07849249243736267,-0.1571967452764511,-0.02681259997189045
332,智能投顾怎么推荐债券组合？,3,False,-0.10853931307792664,0.14194026589393616,-0.05029791221022606
333,黄金被称作“最后的卫兵”，在极端情况下（如经济崩溃）有什么作用？,0,False,0.3264433443546295,-0.07308919727802277,-0.03314993157982826
334,中东主权财富基金买了哪些A股？,2,False,-0.06537036597728729,0.11431080102920532,-0.0004691595386248082
335,电影票买了能退吗？,4,False,-0.03293461352586746,0.057688966393470764,0.2500637173652649
336,债券的会计核算复杂吗？,3,False,-0.10172516852617264,0.10658831149339676,-0.07190966606140137
337,为什么股票回本就赶紧卖掉？,4,False,-0.10044422000646591,0.01979472115635872,0.11489605158567429
338,社保基金会配置黄金吗？,0,False,0.2713083326816559,0.16264015436172485,0.005059116054326296
339,什么是分拆上市？,4,False,-0.18543307483196259,-0.13635481894016266,0.05190936475992203
340,什么是乳业股？,4,False,-0.12699198722839355,-0.1338893324136734,0.01723163202404976
341,简历怎么写才吸引人？,1,False,-0.08186069130897522,-0.1205747202038765,0.09573528170585632
342,电脑蓝屏了怎么解决？,4,False,-0.045181334018707275,-0.02418403886258602,0.2324342280626297
343,持有期和封闭期有什么不同？,2,False,-0.07361800223588943,0.040245164185762405,-0.06916838884353638
344,什么是大盘风格基金？什么是小盘风格基金？,2,False,-0.12191304564476013,0.08389308303594589,-0.12310310453176498
345,什么是基金的A类、B类、C类份额？,2,False,-0.10442852228879929,0.04152079299092293,-0.18420706689357758
346,支付宝里的黄金是黄金ETF吗？,0,False,0.22842353582382202,0.11756069213151932,-0.05496964976191521
347,债券的次级属性是什么意思？,3,False,-0.09264323860406876,-0.07083924859762192,-0.20517826080322266
348,香港的黄金交易有税收优惠吗？,0,False,0.3064042925834656,0.0463930144906044,0.06277082115411758
349,什么是基金净值？,2,False,-0.11091513186693192,0.029013385996222496,-0.2242618054151535
350,加工费对黄金首饰的投资价值有什么影响？,0,False,0.33172592520713806,-0.016248229891061783,9.127491648541763e-05
351,什么是恐慌指数（VIX）？,1,False,-0.046691715717315674,-0.11450369656085968,-0.07032664865255356
352,什么是借壳上市？,4,False,-0.17565441131591797,-0.1655930131673813,0.0500912144780159
353,收到监管函的股票能买吗？,4,False,-0.09621182829141617,0.14770899713039398,0.16541987657546997
354,营业执照怎么办？,4,False,-0.09507014602422714,-0.022965606302022934,0.1807924062013626
355,如何通过黄金曲线（期货升贴水）判断市场情绪？,0,False,0.12986604869365692,-0.06695660948753357,0.02042720466852188
356,当金价上涨10%，黄金股一般会涨多少？,0,False,0.27061927318573,-0.02536565437912941,0.04964528605341911
357,什么是黄金ETF联接基金？和黄金ETF有什么区别？,0,False,0.15389859676361084,0.05631357803940773,-0.20055542886257172
358,如何构建自己的投资组合？,2,False,-0.07780394703149796,0.08226613700389862,-0.05353032425045967
359,券商的收益凭证是什么？,3,False,-0.1343829482793808,0.02375110611319542,-0.09397058188915253
360,商誉减值对股价影响大吗？,4,False,-0.0672779530286789,-0.01138677541166544,0.061808738857507706
361,什么是红利指数？,1,False,-0.10941429436206818,-0.10560213029384613,-0.1294252574443817
362,什么是蓝筹股？什么是成长股？,4,False,-0.15689590573310852,-0.07225649058818817,-0.01810522750020027
363,买债券基金和直接买债券有什么区别？,3,False,-0.054767388850450516,0.24083952605724335,-0.1910524219274521
364,实物黄金怎么回购？需要带什么凭证？,0,False,0.26753854751586914,-0.0048879957757890224,0.06285681575536728
365,基金定投一定能摊薄成本吗？在市场单边下跌时怎么办？,2,False,-0.05678928643465042,0.2093769907951355,-0.010249272920191288
366,多个银行之间的账户黄金可以转移吗？,0,False,0.2535810172557831,0.11176761984825134,0.08064582198858261
367,混合型基金的资产配置是怎样的？,2,False,-0.08425083011388779,0.1359880119562149,-0.15016302466392517
368,黄金期货的最后交易日是什么时候？,0,False,0.2848372757434845,0.035393886268138885,0.03622681275010109
369,中国黄金的投资金条和山东黄金的有什么不同？,0,False,0.30270108580589294,0.013494178652763367,-0.054764918982982635
370,短线交易有哪些技巧？,4,False,-0.02796138823032379,-0.00549693126231432,0.0802619531750679
371,什么是熊猫金币？它和普通金币比有什么优势？它免征增值税吗？,0,False,0.1473580002784729,-0.08694206923246384,-0.017412101849913597
372,公积金怎么提取？,4,False,0.020869214087724686,0.02457953430712223,0.1492321491241455
373,什么是担保品？维持担保比例低于多少会爆仓？,1,False,-0.039783235639333725,-0.05198836326599121,-0.06230033561587334
374,债券评级机构有哪些？,3,False,-0.11648167669773102,0.018567025661468506,-0.14125466346740723
375,电商发展对物流股的影响？,4,False,-0.0830964520573616,-0.07563120126724243,0.10073856264352798
376,什么是基金的认购？和申购有什么不同？,2,False,-0.09749067574739456,0.0711253210902214,-0.12283618748188019
377,被强制退市的股票还有价值吗？,4,False,-0.09465671330690384,0.040457624942064285,0.15825966000556946
378,M1和M2增速差与债券市场的关系？,3,False,-0.05005212873220444,0.08468599617481232,-0.1702568233013153
379,什么是新股申购（打新）？,4,False,-0.1638505905866623,-0.024278560653328896,-0.02378382906317711
380,美联储议息会议对国内债市的传导？,3,False,0.024500401690602303,0.03986633941531181,-0.10674238950014114
381,南非的黄金生产对世界金价有什么影响？,0,False,0.36763474345207214,-0.09317433089017868,-0.01702028699219227
382,如何看待机构调研信息？,4,False,-0.1194494217634201,-0.010672337375581264,0.0635039433836937
383,债券投资收益率大概有多少？,3,False,-0.07394557446241379,0.14690755307674408,-0.19433856010437012
384,定期开放式基金值得买吗？,2,False,-0.06128142774105072,0.31371253728866577,-0.04509427025914192
385,什么是天地板、地天板？,1,False,-0.053632594645023346,-0.22236211597919464,0.027009963989257812
386,什么是期权？和股票有什么关系？（基础了解）,1,False,-0.07221346348524094,-0.05008333921432495,-0.11959647387266159
387,特大单、大单、中单、小单是怎么划分的？,1,False,-0.042115192860364914,-0.10398651659488678,0.03446851298213005
388,股票跌停了卖不出去怎么办？,4,False,-0.09928552061319351,0.022868920117616653,0.2336239218711853
389,什么是新能源？,1,False,-0.1261764019727707,-0.1806982457637787,-0.003355005057528615
390,什么是杠杆牛？,1,False,-0.12480437010526657,-0.1464758813381195,-0.06310885399580002
391,忘记配股缴款了怎么办？,4,False,-0.12803901731967926,0.08734284341335297,0.23526938259601593
392,炒股亏损的常见原因有哪些？,4,False,-0.1252652108669281,0.03573978692293167,0.08188803493976593
393,熊猫金币和金条相比哪个更好？,0,False,0.24251234531402588,-0.01510772854089737,0.033563483506441116
394,什么是宠物经济概念股？,4,False,-0.10037828236818314,-0.08483701944351196,-0.02011236920952797
395,什么是债券的实质违约？,3,False,-0.10085616260766983,-0.05848117917776108,-0.1590573787689209
396,金店回收黄金的价格是怎么定的？,0,False,0.36011219024658203,-0.06317133456468582,0.011250811628997326
397,什么是融券做空？,1,False,-0.13520148396492004,-0.09205851703882217,-0.07859066128730774
398,支付宝买基金靠谱吗？,2,False,-0.03881635144352913,0.3039934039115906,0.02172718197107315
399,开立纸黄金账户需要什么条件？,0,False,0.19643722474575043,0.010258332826197147,0.05137983709573746
400,基金涨了要不要止盈？,2,False,-0.06681317090988159,0.22625066339969635,0.057893186807632446
401,什么是主动积存？,1,False,-0.09563940018415451,-0.13267406821250916,-0.06283773481845856
402,什么是区块链？,1,False,-0.008975024335086346,-0.19030888378620148,-0.10373858362436295
403,投资黄金基金的渠道有哪些？,0,False,0.2075439840555191,0.15499845147132874,-0.060356199741363525
404,什么是程序化交易？,1,False,-0.08450529724359512,-0.1624698042869568,0.011510265059769154
405,凭证式国债和记账式国债有什么区别？,3,False,-0.08885162323713303,0.03375457599759102,-0.17502978444099426
406,什么是券商股？,4,False,-0.18834517896175385,-0.10713738948106766,-0.02068721130490303
407,什么是炸板？,1,False,-0.06088447570800781,-0.237293541431427,0.010423732921481133
408,再平衡策略多久做一次？,2,False,-0.05196031928062439,0.06884688138961792,0.06507135927677155
409,什么是基金的十大重仓股？,2,False,-0.13848429918289185,0.024395344778895378,-0.040409158915281296
410,什么是放量滞涨？,1,False,-0.11362207680940628,-0.14029240608215332,0.030265452340245247
411,如何在行情软件上添加黄金价格走势？,0,False,0.22393976151943207,-0.008552441373467445,0.12545771896839142
412,新股上市首日有涨跌幅限制吗？,4,False,-0.10815124958753586,0.10223598033189774,0.12032251805067062
413,商业头寸和非商业头寸在COT报告中代表什么？,1,False,-0.05464387685060501,-0.05189263075590134,-0.07645974308252335
414,这本书的作者是谁？,1,False,-0.06147674098610878,-0.15426290035247803,0.054921817034482956
415,债券的估值是怎么做的？,3,False,-0.12272462248802185,-0.002030167495831847,-0.16965188086032867
416,世界主要经济体的PMI数据对黄金有何影响？,0,False,0.2887289822101593,-0.03445705398917198,-0.03231596574187279
417,什么是MLF和LPR？它们和债券有关系吗？,3,False,-0.058418650180101395,0.006949147675186396,-0.18838457763195038
418,APP上的筹码分布图怎么看？,4,False,-0.09859345853328705,-0.07344304770231247,0.12274546176195145
419,什么是送转股？,1,False,-0.17780543863773346,-0.1515420824289322,0.012334426864981651
420,国债期货对股市有什么影响？,3,False,-0.01503406185656786,0.0580645352602005,-0.11768484115600586
421,股票账户里的资金安全吗？,4,False,-0.045052751898765564,0.15730857849121094,0.08410697430372238
422,对投资者来说，可赎回债券有什么缺点？,3,False,-0.07830344885587692,0.13434933125972748,-0.1632731705904007
423,买入和卖出指令提交后，多久能成交？,4,False,-0.06480001658201218,0.04469260200858116,0.12297652661800385
424,什么是IPO（首次公开募股）？,1,False,-0.20111896097660065,-0.13037429749965668,-0.022012604400515556
425,机票什么时候买最便宜？,4,False,0.018256234005093575,0.0433165580034256,0.18311133980751038
426,什么是沉没成本谬误？,1,False,-0.04382391646504402,-0.15084531903266907,0.02307056449353695
427,为什么说黄金是没有利息的债券？,0,False,0.24196231365203857,0.03202478215098381,-0.16781555116176605
428,黄金ETF的流动性怎么样？,0,False,0.19675615429878235,0.13573309779167175,-0.08617033809423447
429,晚上可以挂单吗？,4,False,-0.015120994299650192,0.057501502335071564,0.2062794417142868
430,什么是网格交易法？,1,False,-0.06987471878528595,-0.09429826587438583,-0.004088489804416895
431,多个平台定投同一只基金好吗？,2,False,-0.06166985258460045,0.26260295510292053,-0.00394536042585969
432,减肥期间能吃什么水果？,4,False,-0.032811347395181656,0.004620336927473545,0.1796780228614807
433,基金交易遵循什么原则？什么是“未知价”原则？,2,False,-0.04021376371383667,0.05953351408243179,-0.09671619534492493
434,如何给保险股估值？,4,False,-0.1617514193058014,-0.005401055794209242,0.026381870731711388
435,国内有杠杆ETF吗？,2,False,-0.05957745760679245,0.163714200258255,-0.05474286153912544
436,什么是最大回撤？,1,False,-0.09859926253557205,-0.1011277288198471,0.03291314095258713
437,什么是行为金融学？,1,False,-0.013553200289607048,-0.15901361405849457,-0.1288973093032837
438,加杠杆买黄金适合新手吗？,0,False,0.24624966084957123,0.17566636204719543,-0.005008320789784193
439,遇到陌生人拉你炒“伦敦金”或“外汇黄金”，该怎么防范？,0,False,0.1987837702035904,0.02105896733701229,0.05445046350359917
440,黄金交易市场主要有哪些？它们的交易时间是怎么样的？,0,False,0.301202654838562,-0.02603689581155777,-0.04644399508833885
441,DCF估值模型怎么用？,1,False,-0.11939825862646103,-0.06662165373563766,-0.03265688195824623
442,人民币升值利好哪些股票？,4,False,-0.06043776124715805,-0.007633531931787729,0.07562106847763062
443,什么是CRO、CDMO？,1,False,-0.07240378111600876,-0.2122955620288849,-0.014345396310091019
444,证券公司倒闭了怎么办？,4,False,-0.11435630917549133,0.086495541036129,0.14349614083766937
445,长线投资和短线投机，哪种更适合普通人？,2,False,-0.03947819396853447,0.13144268095493317,-0.014557131566107273
446,怎么查社保缴费记录？,4,False,-0.05576576665043831,0.026887133717536926,0.19438965618610382
447,标准普尔家庭资产配置图适用吗？,3,False,-0.05276492238044739,0.07325994223356247,-0.022761689499020576
448,内地投资者可以买香港的债券吗？（跨境理财通相关）,3,False,-0.03713809326291084,0.22927942872047424,-0.05033925548195839
449,什么是美式期权和欧式期权？黄金期权是哪种？,0,False,0.15228568017482758,-0.08437782526016235,-0.14766539633274078
450,未来黄金交易会不会完全数字化？,0,False,0.32716473937034607,0.0026022735983133316,0.046991150826215744
451,买了金条怎么保管？放家里保险箱安全还是银行保管箱安全？,0,False,0.21347583830356598,0.04214432090520859,0.09003154933452606
452,债券的净价交易和全价结算是什么意思？,3,False,-0.074432872235775,-0.021157553419470787,-0.18103362619876862
453,黄金T+D的递延费是什么意思？是每天都要交吗？,0,False,0.14974425733089447,-0.03981339558959007,0.03552655130624771
454,人民币升值对航空股是利好还是利空？,4,False,-0.04451495409011841,-0.010582562536001205,0.06396443396806717
455,流动性危机时（如2020年3月），为什么黄金也跌了？,0,False,0.2879181206226349,0.010917549952864647,-0.058218903839588165
456,港股通下的港股交易规则？,4,False,-0.07481758296489716,0.04093988612294197,0.06063726171851158
457,节假日股市休市安排？,4,False,-0.043029364198446274,0.05676546320319176,0.17954376339912415
458,什么是人民币升值？,1,False,-0.008403494022786617,-0.14893223345279694,-0.052709147334098816
459,什么是抢帽子交易？,1,False,-0.06805495917797089,-0.18839506804943085,0.018938098102808
460,原油价格和黄金价格有关系吗？,0,False,0.32338231801986694,0.0006573175778612494,0.004381595179438591
461,油价大涨利好哪些股票？,4,False,-0.08608458191156387,-0.019940227270126343,0.10293188691139221
462,债券登记在哪里？我买了债券怎么证明是我的？,3,False,-0.0818902924656868,0.11077353358268738,0.0031405100598931313
463,买了债券后，能抵押出去再借钱吗？,3,False,-0.051963575184345245,0.12824223935604095,0.028183817863464355
464,什么是快递物流股？,4,False,-0.16847147047519684,-0.180688738822937,0.07149367034435272
465,如何看待黄金的“杯柄形态”？,0,False,0.2681824266910553,-0.11609959602355957,0.030756620690226555
466,滴滴打车的客服电话是多少？,4,False,-0.059192825108766556,-0.07897558808326721,0.23021453619003296
467,什么是交易对手风险？,1,False,-0.08050069957971573,-0.05628817155957222,-0.09441501647233963
468,遗产继承顺序是什么？,1,False,-0.04716452583670616,-0.05212227255105972,0.03261852636933327
469,基金经理换了，我是不是该卖掉这只基金？,2,False,-0.07358559966087341,0.2501968443393707,0.09240103513002396
470,什么是投资者保护基金？,2,False,-0.07310503721237183,0.028020882979035378,-0.18487785756587982
471,宇宙中的黄金是怎么形成的？,0,False,0.35017940402030945,-0.1375030130147934,-0.005802041385322809
472,什么是闪电下单？,1,False,-0.07607099413871765,-0.14437969028949738,0.06637105345726013
473,为什么经济不好时，债券反而 often 会上涨？,3,False,-0.008277243934571743,0.03515547141432762,-0.11865625530481339
474,CPI和PPI数据对A股的影响？,4,False,-0.05326804146170616,0.035459358245134354,0.03338029608130455
475,申购新股后，什么时候知道中签结果？,4,False,-0.09793471544981003,0.09608733654022217,0.18106766045093536
476,缺芯对汽车股的影响是什么？,4,False,-0.07057357579469681,-0.10856025665998459,0.13721172511577606
477,可以购买金矿的矿石作为投资吗？,0,False,0.19629426300525665,0.12807366251945496,0.017117686569690704
478,什么是盘中估值？,1,False,-0.13571573793888092,-0.15142005681991577,-0.05592510849237442
479,什么是量化基金？,2,False,-0.04381480813026428,-0.03590713441371918,-0.2082621306180954
480,量化交易对散户有什么影响？,4,False,-0.03674989938735962,0.0011662692995741963,-0.023750873282551765
481,外盘和内盘是什么意思？,1,False,-0.07539765536785126,-0.14113418757915497,-0.02570667862892151
482,股市中有哪些迷信行为？,4,False,-0.0917363092303276,0.017840193584561348,0.11076032370328903
483,什么是富时罗素世界国债指数？,3,False,-0.03792737051844597,-0.006127256900072098,-0.183567076921463
484,什么是证券从业资格？,1,False,-0.11438531428575516,-0.049913838505744934,-0.05327383428812027
485,提取大额实物黄金需要什么手续？,0,False,0.2619507312774658,-0.011007885448634624,0.08387918770313263
486,什么是T+1交易制度？,1,False,-0.06793390214443207,-0.09669028967618942,-0.012065540067851543
487,什么是战略配售基金？,2,False,-0.13180264830589294,0.05861980840563774,-0.15061888098716736
488,什么时候应该空仓？,4,False,-0.05722497031092644,0.06838122010231018,0.07212284207344055
489,购买黄金时的“au9999”是什么意思？,0,False,0.17533348500728607,-0.039175666868686676,-0.08472111076116562
490,券商股为什么被称为牛市旗手？,4,False,-0.13648056983947754,-0.035006724298000336,0.021002119407057762
491,什么是平衡型基金？,2,False,-0.09930574148893356,0.04537862166762352,-0.1771797090768814
492,什么是隐形冠军？,1,False,-0.05807844549417496,-0.19935114681720734,0.03944623842835426
493,镀金首饰掉色后还值钱吗？,0,False,0.23187384009361267,-0.00374716822989285,0.1116221621632576
494,什么是RSI指标？,1,False,-0.10408611595630646,-0.1128087192773819,-0.07119330763816833
495,运动服饰为什么比男装女装表现好？,1,False,-0.00832931138575077,-0.10321459919214249,0.10993438959121704
496,过度自信对投资有什么影响？,4,False,-0.04687044024467468,0.04320668429136276,0.013059793971478939
497,证券公司能买黄金吗？,0,False,0.23390568792819977,0.16816987097263336,0.049268633127212524
498,基金投资中最容易犯的错误是什么？,2,False,-0.07930606603622437,0.13878926634788513,-0.05812236666679382
499,黄金的定价机制是怎样的？什么是“伦敦金定盘价”？,0,False,0.31458109617233276,-0.11939071863889694,-0.10126582533121109
500,什么是慈善信托？,1,False,-0.13388502597808838,-0.08576662838459015,-0.11186540126800537
501,遇到基金纠纷如何维权？,2,False,-0.05164863541722298,0.17832890152931213,0.08984418213367462
502,降准对股市是利好为什么有时会跌？,4,False,-0.07384419441223145,-0.000733820372261107,0.010406586341559887
503,碳中和概念股有哪些？,4,False,-0.056801073253154755,-0.02411765418946743,0.11688029021024704
504,怎么查可转债的下修条款？,3,False,-0.09936093538999557,0.07699942588806152,0.05998270586133003
505,什么是芯片短缺？,1,False,-0.04952414706349373,-0.18128037452697754,0.06570373475551605
506,什么是诱多？,1,False,-0.03329390659928322,-0.1723078191280365,-0.008655369281768799
507,什么是存款准备金率？,1,False,-0.016976598650217056,-0.04719329997897148,-0.09799692034721375
508,比特币支持者常说比特币比黄金好，你怎么看？,0,False,0.26185479760169983,-0.0014001278905197978,-0.009892717935144901
509,商品ETF和商品期货有什么区别？,2,False,0.040331169962882996,0.04233187437057495,-0.1609104424715042
510,什么是限价委托？什么是市价委托？,1,False,-0.06852135062217712,-0.13523271679878235,-0.004194668028503656
511,持有正股怎么参与可转债配售？,3,False,-0.1298370212316513,0.10104797780513763,0.04043890908360481
512,企业为什么需要租赁黄金？,0,False,0.2665606439113617,-0.07656058669090271,0.0009718909277580678
513,普通人能买私募基金吗？,2,False,-0.04190826043486595,0.29924872517585754,0.01728793792426586
514,如何在银行APP上设置黄金的到价提醒？,0,False,0.24552179872989655,-0.02745942398905754,0.10899798572063446
515,什么是中华交易服务中国120指数？,4,False,-0.0938921868801117,-0.02678980492055416,-0.01974271982908249
516,如何查看一只基金的季报、年报？主要关注哪些数据？,2,False,-0.11472664773464203,0.11755036562681198,0.011932915076613426
517,为什么我的基金赎回申请失败？,2,False,-0.0786852315068245,0.138372004032135,0.10467550903558731
518,打新基金的收益如何？,2,False,-0.08170468360185623,0.21410520374774933,-0.04820697382092476
519,我被套牢了，是该“割肉”还是“补仓”？,4,False,-0.06700695306062698,0.05629492178559303,0.13136731088161469
520,一个人可以开几个股票账户？,4,False,-0.10910974442958832,0.09947296231985092,0.11783692240715027
521,次贷危机和MBS有什么关系？,3,False,0.012152710929512978,-0.08764128386974335,-0.053580254316329956
522,股票账户买基金手续费有优惠吗？,2,False,-0.041211266070604324,0.27003639936447144,0.05836443603038788
523,什么是黄金的“便利收益”？,0,False,0.3138403296470642,-0.06444855034351349,-0.10991033166646957
524,银行出售的“投资金条”和“工艺金条”有什么不同？回购价格一样吗？,0,False,0.20447760820388794,-0.009943555109202862,-0.054918766021728516
525,学习黄金投资，有哪些必读的书籍或资料？,0,False,0.28568628430366516,0.05187654122710228,-0.023542504757642746
526,纸黄金的报价是参照国际金价还是国内金价？,0,False,0.33461084961891174,-0.0325932502746582,-0.004781989846378565
527,黄金在伊朗应对制裁中扮演什么角色？,0,False,0.32029247283935547,-0.1452309638261795,0.009676515124738216
528,什么是优先股？,1,False,-0.1764402687549591,-0.10042713582515717,-0.009136334992945194
529,如何查看黄金ETF的持仓量？,0,False,0.1790449321269989,0.08901799470186234,0.012950406409800053
530,投资黄金ETF有哪些费用（管理费、托管费）？,0,False,0.15601663291454315,0.1561097502708435,-0.07837677747011185
531,退休人员适合买基金吗？,2,False,-0.015445748344063759,0.32872679829597473,-0.0010904220398515463
532,什么是保险理财？,1,False,-0.0903518870472908,0.0019071978749707341,-0.1391022503376007
533,什么是估值定投？,1,False,-0.12449923157691956,-0.021034756675362587,-0.13932886719703674
534,什么是“浇铸金”和“压铸金”？,0,False,0.20201265811920166,-0.18862491846084595,-0.04369605705142021
535,买基金需要交哪些费用？,2,False,-0.05512736365199089,0.19796420633792877,-0.015192599035799503
536,什么是整体上市？,4,False,-0.1635819524526596,-0.14820381999015808,0.04949423670768738
537,什么是内盘黄金？什么是外盘黄金？普通人能参与外盘吗？,0,False,0.18336735665798187,0.01494944840669632,-0.04847075045108795
538,什么是“点心债券”？,3,False,-0.11177632212638855,-0.03562203794717789,-0.1618848741054535
539,地铁几点停运？,4,False,-0.03340417891740799,-0.0477735735476017,0.24613891541957855
540,证券投资者保护基金能保护债券投资者吗？,3,False,-0.05841081961989403,0.26666831970214844,-0.12219036370515823
541,在退休账户（如IRA）里持有黄金有什么规定？,0,False,0.26689428091049194,0.0033458229154348373,0.013807530514895916
542,什么是黄金期货的成交量？,0,False,0.26030251383781433,-0.109027199447155,-0.09254039078950882
543,什么是黄金掉期（互换）？,0,False,0.23582032322883606,-0.12486353516578674,-0.02984531968832016
544,投资黄金和购买金首饰是一回事吗？,0,False,0.2913576364517212,0.09983061254024506,-0.038335781544446945
545,股票投资最大的风险是什么？,4,False,-0.11538323014974594,0.047970157116651535,-0.02460298128426075
546,基金转换需要手续费吗？,2,False,-0.03436632081866264,0.19273874163627625,0.05178796499967575
547,上市公司分红方案在哪里看？什么时候到账？,4,False,-0.11243788152933121,0.04376251995563507,0.12281767278909683
548,什么是VIE架构？,1,False,-0.09562966227531433,-0.20208953320980072,-0.05766114220023155
549,什么是实际利率？为什么它比名义利率更重要？,1,False,-0.045026760548353195,-0.07837150245904922,-0.1609291285276413
550,什么基金适合一次性买入？,2,False,-0.08819180727005005,0.26053330302238464,-0.002774322172626853
551,银行买的金条会有假吗？,0,False,0.26148083806037903,0.00012262893142178655,0.11413100361824036
552,5G黄金是什么？,0,False,0.2390228807926178,-0.12235189974308014,-0.04810361936688423
553,可转债的下修对投资者有什么好处？,3,False,-0.10026165097951889,0.08002200722694397,-0.06599051505327225
554,融资盘爆仓是什么意思？,1,False,-0.12210741639137268,-0.09569669514894485,0.011284304782748222
555,什么是基金定投止盈？,2,False,-0.0954952985048294,0.0938214510679245,-0.10280606150627136
556,如何捕捉市场热点题材？,4,False,-0.07184790819883347,-0.023631267249584198,0.10818406939506531
557,火星上有黄金吗？对地球金价有影响吗？,0,False,0.35960108041763306,-0.009744248352944851,0.05323432758450508
558,融资买入和普通买入有什么不同？风险在哪里？,3,False,-0.1466686725616455,0.06165285035967827,-0.061883971095085144
559,沪深300指数怎么选成分股？,4,False,-0.14208419620990753,0.08833175152540207,0.10047198086977005
560,基金出现溢价买入是好是坏？,2,False,-0.0803615152835846,0.1716829240322113,-0.02610287256538868
561,黄金期货的杠杆是什么意思？保证金是怎么计算的？,0,False,0.1955508291721344,-0.057946689426898956,-0.1725466102361679
562,什么是行业基金？,2,False,-0.08649857342243195,0.0017999539850279689,-0.1681908518075943
563,什么是场外基金？,2,False,-0.07853556424379349,0.024793174117803574,-0.18927030265331268
564,索罗斯是如何做空黄金的？,0,False,0.2448258101940155,-0.05260835960507393,-0.012259561568498611
565,什么是赛道股？,4,False,-0.14493264257907867,-0.12318958342075348,0.002847243333235383
566,A股、B股、H股分别是什么意思？我通常能买哪种？,4,False,-0.12962426245212555,0.0021460417192429304,-0.006541451904922724
567,什么是伊斯兰教法下的黄金投资（Sharia-compliant gold）？,0,False,0.2173425257205963,-0.07826269418001175,-0.08617755770683289
568,什么是游资？,1,False,-0.08679842948913574,-0.17664706707000732,-0.06676668673753738
569,什么是美联储议息会议？,1,False,0.0119961341843009,-0.1551712155342102,-0.10999410599470139
570,黄金和美元通常是什么关系？,0,False,0.33988600969314575,-0.10529771447181702,-0.10852855443954468
571,市场深度不够对债券交易的影响？,3,False,-0.05823126807808876,0.0836334154009819,-0.10478951036930084
572,什么是K金？24K金是纯金吗？,0,False,0.20334163308143616,-0.08538847416639328,0.010657166130840778
573,怎么降低基金交易成本？,2,False,-0.03358864784240723,0.16045942902565002,-0.011780941858887672
574,沪深300、中证500、创业板指，这些指数有什么区别？,4,False,-0.11372490972280502,0.029843172058463097,-0.03944062814116478
575,什么是增持？,1,False,-0.1544855535030365,-0.09083621948957443,-0.03034217469394207
576,什么是券款对付（DVP）结算方式？,1,False,-0.09651278704404831,-0.10470705479383469,-0.04293406009674072
577,什么是圆弧底？,1,False,-0.12484904378652573,-0.20724031329154968,0.005546955857425928
578,噪音扰民怎么投诉？,4,False,-0.035071492195129395,-0.037782032042741776,0.21044595539569855
579,开通北交所需要什么条件？,4,False,-0.0661376342177391,-0.02475818805396557,0.11705837398767471
580,什么是行权？,1,False,-0.09957921504974365,-0.2175767421722412,-0.015904726460576057
581,什么是“格林斯潘对策”？对黄金有何影响？,0,False,0.26850223541259766,-0.09674408286809921,-0.054154857993125916
582,黄金股票和金价的贝塔系数是什么意思？,0,False,0.1928715705871582,-0.11681283265352249,-0.09013931453227997
583,什么是异质波动率？,1,False,-0.09035000950098038,-0.18493585288524628,-0.08490794897079468
584,为什么买股票要买龙头股？,4,False,-0.1090908795595169,0.01866775192320347,0.06453923135995865
585,基金经理变更了怎么办？,2,False,-0.06382307410240173,0.2127520740032196,0.11547542363405228
586,什么是穿仓？,1,False,-0.04160274565219879,-0.0950448289513588,-0.019150178879499435
587,什么是市场风险？遇到股灾，基金该如何应对？,2,False,-0.13630153238773346,0.0983731746673584,-0.07905633002519608
588,什么是零息债券？,3,False,-0.1054830402135849,-0.03172864019870758,-0.20256812870502472
589,五星基金就一定好吗？,2,False,-0.05601143091917038,0.22468863427639008,-0.02047983929514885
590,什么是岛形反转？,1,False,-0.10170575976371765,-0.23414915800094604,0.037637799978256226
591,投资基金，我需要保留哪些交易凭证和记录？,2,False,-0.04324899986386299,0.1876736283302307,0.017566533759236336
592,面试被问缺点怎么回答？,1,False,-0.08381366729736328,-0.10495539754629135,0.1343776136636734
593,蓝牙耳机连不上手机怎么办？,4,False,-0.02490401640534401,-0.04409661889076233,0.2645573616027832
594,什么是破净？,1,False,-0.09863850474357605,-0.15034860372543335,-0.000782247050665319
595,我应该把多少比例的资产配置在黄金上？,0,False,0.24357832968235016,0.08437030017375946,-0.03311882168054581
596,限售股解禁是利空吗？,4,False,-0.08356252312660217,0.026502210646867752,0.10804389417171478
597,债券被列入评级观察名单多久会有结果？,3,False,-0.08933127671480179,0.0727311298251152,-0.024218354374170303
598,QFII的持仓值得跟吗？,2,False,-0.07789995521306992,0.19327786564826965,0.049342066049575806
599,什么是主升浪？,1,False,-0.09077811986207962,-0.1886291801929474,-0.0026486527640372515
600,如何给科技股估值？,4,False,-0.14935798943042755,-0.07976511120796204,0.0925476998090744
601,什么是行业ETF？买行业ETF是不是比买个股风险小？,2,False,-0.09486564248800278,0.13707463443279266,-0.08991677314043045
602,什么是目标投？,1,False,-0.10235663503408432,-0.12070795148611069,-0.07728197425603867
603,中签后忘记缴款怎么办？,4,False,-0.04545693099498749,0.024811189621686935,0.26327604055404663
604,定增基金现在怎么样？,2,False,-0.08838290721178055,0.19568708539009094,-0.023653028532862663
605,黄酒、葡萄酒股票能买吗？,4,False,0.09514499455690384,0.14293356239795685,0.08346428722143173
606,债券持有人如何维权？,3,False,-0.06690379977226257,0.07066646963357925,-0.010843664407730103
607,如何看待“中国大妈”抢购黄金的现象？,0,False,0.31396567821502686,0.0005171410739421844,0.033156681805849075
608,黄金ETF的涨跌幅限制是多少？,0,False,0.17715224623680115,0.130950465798378,-0.03454086557030678
609,什么是货币ETF？,3,False,-0.0441400408744812,-0.006306664552539587,-0.19079381227493286
610,缺口一定会回补吗？,4,False,-0.027283066883683205,0.03224446624517441,0.14814095199108124
611,什么是新能源汽车产业链？,1,False,-0.1241309642791748,-0.1789591908454895,0.03707156330347061
612,5G时代通信股的机会在哪里？,4,False,-0.09951593726873398,-0.0007773965480737388,0.12046459317207336
613,什么是动量效应？,1,False,-0.07973329722881317,-0.22540347278118134,-0.026466580107808113
614,极端情况下，黄金真的能换到粮食吗？,0,False,0.3200615346431732,0.030341729521751404,0.060912445187568665
615,黄金矿山的生产成本是多少？这会影响金价吗？,0,False,0.30835339426994324,-0.07740028947591782,0.017531920224428177
616,个人买卖黄金有额度限制吗？,0,False,0.23596203327178955,0.08049418777227402,0.04745950922369957
617,5G建设进展如何？,4,False,-0.0415433868765831,-0.04136510193347931,0.11541541665792465
618,什么是“上海金”？和国际金价有什么关系？,0,False,0.3150738477706909,-0.17867761850357056,-0.06260843575000763
619,股票封涨停板了还能买进去吗？,4,False,-0.08500508964061737,0.11987181752920151,0.20142662525177002
620,房东不退押金怎么办？,4,False,-0.006273185834288597,-0.012131939642131329,0.2570539116859436
621,什么是猪周期？,1,False,-0.08306602388620377,-0.16740882396697998,0.007028849329799414
622,我总是一买就跌，一卖就涨，怎么办？,4,False,-0.0776825100183487,0.03811098262667656,0.1501319706439972
623,什么是安防行业？,1,False,-0.07667525112628937,-0.1557081639766693,0.04910847917199135
624,利率（特别是美联储加息/降息）如何影响黄金？,0,False,0.3141893446445465,-0.021039655432105064,-0.08369894325733185
625,小区停车费收费不合理怎么办？,4,False,-0.008636459708213806,0.0006564852665178478,0.19941286742687225
626,淘宝买东西怎么退货？,4,False,0.0014784447848796844,-0.0019514329032972455,0.24117977917194366
627,购买黄金时，证书重要吗？,0,False,0.2629168927669525,0.04137854278087616,0.037303607910871506
628,金价会跌回十年前的水平吗？,0,False,0.31006211042404175,0.02075665257871151,0.06955176591873169
629,什么是精选层、创新层、基础层？,1,False,-0.17022639513015747,-0.09711144119501114,-0.03616420179605484
630,什么是成长型基金？什么是价值型基金？,2,False,-0.08989875018596649,0.05917908623814583,-0.18123571574687958
631,什么是贴权？,1,False,-0.11362101137638092,-0.22497503459453583,0.05048893392086029
632,2008年金融危机前后，黄金的价格走势如何？,0,False,0.34193041920661926,-0.024157721549272537,-0.011131711304187775
633,5G和4G有什么区别？,1,False,-0.036548882722854614,-0.09382616728544235,0.026452673599123955
634,美股和A股交易规则有什么不同？,4,False,-0.10948093980550766,-0.02663152664899826,0.011451959609985352
635,智能投顾有用吗？,4,False,-0.08045323193073273,0.09338966012001038,0.06065194308757782
636,什么是资金博弈？,1,False,-0.02595314010977745,-0.1303636133670807,-0.12478870898485184
637,什么是主板、创业板、科创板？,4,False,-0.16931821405887604,-0.07281158119440079,-0.01786084845662117
638,黄金可以和铂金一起佩戴吗？,0,False,0.32231399416923523,0.07897941768169403,0.09952370077371597
639,交叉违约条款怎么保护投资者？,4,False,-0.07227558642625809,0.02440650388598442,0.004737327340990305
640,券商买基金有什么优势？,2,False,-0.06924747675657272,0.19359104335308075,-0.0621846467256546
641,什么是“所有资产都被抛售，只为换取现金”的情况？,1,False,-0.03114927001297474,-0.08604927361011505,-0.040975525975227356
642,为什么我看基金涨了，但账户收益没涨那么多？是不是扣了隐性费用？,2,False,-0.07333618402481079,0.19827139377593994,-0.0018970355158671737
643,基金前五大重仓债券暴雷了怎么办？,3,False,-0.1150631234049797,0.21442024409770966,-0.039822060614824295
644,纸黄金的交易时间是怎么样的？是24小时交易吗？,0,False,0.2173123061656952,-0.002661128994077444,0.014854757115244865
645,巨潮资讯网怎么用？,4,False,-0.04758847877383232,-0.07033583521842957,0.14201174676418304
646,晨星评级是什么意思？,1,False,-0.10828908532857895,-0.1356792002916336,-0.0029730412643402815
647,什么是博傻理论？,1,False,-0.10410924255847931,-0.14693251252174377,-0.0036976656410843134
648,黄金艺术品适合投资吗？,0,False,0.3246704339981079,0.0820438340306282,0.028708074241876602
649,商标怎么注册？,4,False,-0.05623163655400276,-0.10656983405351639,0.1528603434562683
650,所谓的“伦敦金定盘价”操纵案是怎么回事？,0,False,0.23309513926506042,-0.08515730500221252,-0.013396725989878178
651,什么是基金招募说明书？,2,False,-0.1474831998348236,0.028645528480410576,-0.11856833845376968
652,今天天气怎么样？,4,False,-0.027202080935239792,-0.06371420621871948,0.1814374476671219
653,基金也能参与定增吗？,2,False,-0.07543448358774185,0.2291819155216217,0.008748624473810196
654,定投应该选主动管理基金还是指数基金？,2,False,-0.0833899974822998,0.2354201376438141,-0.03909353166818619
655,股票账户休眠了怎么办？,4,False,-0.0802508220076561,0.09498368203639984,0.2203095704317093
656,期货的杠杆效应是什么？,1,False,0.022536111995577812,-0.07957542687654495,-0.13639049232006073
657,什么是混合所有制改革？,1,False,-0.12124352902173996,-0.16267400979995728,-0.022162308916449547
658,什么是计算机应用？,1,False,-0.11609701812267303,-0.229521244764328,-0.0053284005261957645
659,什么是大数据概念？,1,False,-0.08026795834302902,-0.19982190430164337,-0.032222919166088104
660,什么是羊群效应？,1,False,-0.11052004247903824,-0.18942618370056152,0.028401872143149376
661,中短债基金和货币基金哪个收益高？,3,False,-0.025012079626321793,0.20718656480312347,-0.16812051832675934
662,疫情对旅游股的影响何时结束？,4,False,-0.08964740484952927,0.004225510638207197,0.16681791841983795
663,银行理财还能保本吗？,2,False,0.002820258028805256,0.19979703426361084,0.017044639214873314
664,什么是大消费板块？,1,False,-0.0864315778017044,-0.13327357172966003,-0.017467426136136055
665,什么是MACD指标？,1,False,-0.017244471237063408,-0.13897490501403809,-0.04141456261277199
666,京东方A和TCL科技怎么选？,4,False,-0.08216525614261627,-0.013030830770730972,0.18061774969100952
667,评级机构的收费标准是怎样的？,1,False,-0.09401971101760864,-0.0975109413266182,0.0014293711865320802
668,如何成为私募基金经理？,2,False,-0.05682448670268059,0.12778855860233307,-0.0203973650932312
669,什么是沙金？它值钱吗？,0,False,0.23617953062057495,-0.13717913627624512,-0.011030550114810467
670,什么是强行平仓？,1,False,-0.06084267050027847,-0.07707666605710983,-0.007628727238625288
671,什么是高收益债？也叫垃圾债吗？,3,False,-0.09998564422130585,0.02892029657959938,-0.1968696564435959
672,基金吧里的评论能信吗？,2,False,-0.027567388489842415,0.148862823843956,0.039238158613443375
673,国家宣布进入紧急状态，黄金会怎样？,0,False,0.2941044270992279,-0.036051053553819656,0.06418202817440033
674,拿不住基金怎么办？,2,False,-0.02845901995897293,0.20648962259292603,0.04094524681568146
675,什么是短期融资券？,3,False,-0.12641270458698273,-0.07963954657316208,-0.11717603355646133
676,什么是流动性风险？为什么有的基金赎回很慢？,2,False,-0.12411988526582718,0.09103016555309296,-0.12215664237737656
677,什么是通信股？,4,False,-0.17018665373325348,-0.15282396972179413,0.048261065036058426
678,什么是雪球产品？,1,False,-0.1041179820895195,-0.1269332468509674,0.021869417279958725
679,为什么国际市场休市时，国内金价也可能波动？,0,False,0.2934647500514984,-0.0530797578394413,-0.006551435217261314
680,什么是QDII基金？想投资美股、港股是不是买它就对了？,2,False,-0.0924641340970993,0.15413270890712738,-0.08911636471748352
681,什么是债券的OAS（期权调整利差）？,3,False,-0.048198848962783813,-0.04968637600541115,-0.17483700811862946
682,债券基金为什么会跌？,3,False,-0.10493499785661697,0.20454281568527222,-0.14299844205379486
683,AI炒股比基金经理厉害吗？,2,False,-0.05781332030892372,0.167694553732872,0.04314346984028816
684,什么是金字塔加仓法？,1,False,0.006522183306515217,-0.058968428522348404,-0.060702014714479446
685,什么是破发？,1,False,-0.10573522001504898,-0.17888309061527252,-0.0006459435680881143
686,投资黄金最大的风险是什么？,0,False,0.32406193017959595,0.051546793431043625,-0.08728130161762238
687,休眠的基金账户会收费吗？,2,False,-0.021932346746325493,0.2002839893102646,0.10408046841621399
688,什么是金章？和金条有什么区别？,0,False,0.2328616976737976,-0.17679885029792786,-0.021332990378141403
689,什么是浮动净值型货币基金？,2,False,-0.08884159475564957,0.06493007391691208,-0.24606113135814667
690,黄金投资的最高境界是什么？,0,False,0.25514787435531616,-0.02507815882563591,-0.0648716613650322
691,如何给孩子讲解黄金的价值？,0,False,0.34039485454559326,-0.06494344770908356,-0.010563254356384277
692,离婚协议书怎么写？,4,False,-0.07168401032686234,-0.03270275890827179,0.15439340472221375
693,什么是地方政府债券？,3,False,-0.05049823224544525,-0.07959074527025223,-0.1694953441619873
694,什么是通货膨胀？,1,False,0.017324483022093773,-0.18093477189540863,-0.10022595524787903
695,如何设置股价提醒？,4,False,-0.09735344350337982,-0.026672042906284332,0.1775122880935669
696,互换通对债券市场的影响？,3,False,-0.04710479825735092,0.04581338167190552,-0.09084904938936234
697,股票交易佣金可以调低吗？,4,False,0.007058457005769014,0.12036207318305969,0.13825079798698425
698,什么是上海黄金交易所（SGE）？,0,False,0.23145641386508942,-0.11453495919704437,-0.07570336014032364
699,什么是盈利收益率？,1,False,-0.1063193827867508,-0.06203921511769295,-0.13266465067863464
700,什么是金箔？金箔是投资品吗？,0,False,0.16694772243499756,-0.09846445918083191,-0.06360677629709244
701,什么是质量因子？,1,False,-0.061625681817531586,-0.23515456914901733,-0.04459502547979355
702,购买实物黄金有年龄限制吗？,0,False,0.3180989921092987,0.07326538860797882,0.048077475279569626
703,利率互换（IRS）是什么？,3,False,-0.05310306325554848,-0.09254568815231323,-0.11303303390741348
704,可以把多个小金条熔成一个大金条吗？有什么风险？,0,False,0.20715254545211792,0.00488648097962141,0.0979466587305069
705,什么是基金公告？,2,False,-0.09264937043190002,0.03401670232415199,-0.07765921205282211
706,什么是LED行业？,1,False,-0.09528639167547226,-0.18297618627548218,0.033118825405836105
707,什么是头肩顶和头肩底？,1,False,-0.10845839977264404,-0.17092493176460266,-0.03895510733127594
708,消费电子有哪些投资机会？,4,False,-0.038689494132995605,0.008739208802580833,0.07415773719549179
709,什么是纯债基金？为什么不投股票？,3,False,-0.11428576707839966,0.1566331833600998,-0.1820918172597885
710,消费行业基金现在还能买吗？,2,False,-0.06895150244235992,0.3047190010547638,0.013614396564662457
711,股票盈利要交税吗？,4,False,-0.0639399066567421,0.0679096207022667,0.1525861918926239
712,私募基金和公募基金有什么区别？,2,False,-0.0558316595852375,0.10279980301856995,-0.140299990773201
713,申购费一般是百分之多少？,2,False,-0.09027411788702011,0.10984333604574203,-0.00918656401336193
714,怎么把照片传到电脑上？,4,False,-0.03682580590248108,-0.06161921098828316,0.22968345880508423
715,上市公司发布利好公告，股价为什么会跌？,4,False,-0.14175541698932648,-0.03904798626899719,0.10693768411874771
716,新兴市场债券值得投资吗？,3,False,-0.04252936691045761,0.22485005855560303,-0.10088372230529785
717,什么是打压？,1,False,-0.0895271748304367,-0.22474105656147003,0.038800470530986786
718,存在美国的黄金安全吗？,0,False,0.3245396614074707,0.033297814428806305,0.03907819837331772
719,什么是旗形整理？,1,False,-0.07499746978282928,-0.17051681876182556,0.015023801475763321
720,什么是溢价？,1,False,-0.060351382941007614,-0.22131870687007904,-0.06879062205553055
721,基金分红是额外收益吗？,2,False,-0.07644056528806686,0.17918583750724792,-0.04933061823248863
722,通过券商买的基金怎么查？,2,False,-0.07030121982097626,0.2199237197637558,0.05005192011594772
723,什么是市净率（PB）？,1,False,-0.14623601734638214,-0.09336904436349869,-0.14748555421829224
724,SPDR Gold Shares (GLD) 是什么？,0,False,0.14668117463588715,-0.04923766478896141,-0.12076309323310852
725,基金分红后净值为什么会下降？,2,False,-0.11021450906991959,0.15433165431022644,-0.04082033410668373
726,怎样才算是一个成熟的黄金投资者？,0,False,0.23914651572704315,0.0053196195513010025,-0.03310256078839302
727,怎么判断债券市场的牛熊？,3,False,-0.09540028870105743,0.03485473617911339,-0.12530624866485596
728,什么是压力位和支撑位？,1,False,-0.07117707282304764,-0.16452670097351074,-0.04771006479859352
729,黄金期货交易的手续费包括哪些？,0,False,0.24289049208164215,0.01893547922372818,-0.007023888640105724
730,什么是顶背离和底背离？,1,False,-0.13695789873600006,-0.051496390253305435,-0.0514555498957634
731,小市值策略还有效吗？,2,False,-0.08295722305774689,0.12325862050056458,0.019452469423413277
732,什么是橱窗基金？,2,False,-0.05243922770023346,0.04231412708759308,-0.1503899097442627
733,陆股通每日额度是多少？,4,False,-0.06530047208070755,0.05832633376121521,0.048621345311403275
734,什么是汽车零部件？,1,False,-0.08124569803476334,-0.22527369856834412,0.026262769475579262
735,在银行App上买黄金安全吗？,0,False,0.2530245780944824,0.12505412101745605,0.06971646100282669
736,保本型的黄金理财产品是怎么运作的？,0,False,0.16884414851665497,0.045299310237169266,-0.12448811531066895
737,如果把全球的黄金堆在一起有多大？,0,False,0.33431097865104675,-0.08847068250179291,0.025140119716525078
738,什么是化妆品股？,4,False,-0.1357724666595459,-0.17706024646759033,0.0328977033495903
739,保守型投资者适合买什么基金？,2,False,-0.09744511544704437,0.21169979870319366,-0.05473317205905914
740,什么是硬件设备股？,4,False,-0.1569937914609909,-0.15217630565166473,0.040043655782938004
741,五穷六绝七翻身是真的吗？,4,False,-0.011120897717773914,0.009051283821463585,0.12886707484722137
742,尾盘最后三分钟能撤单吗？,4,False,-0.0520159937441349,0.11585970222949982,0.20467427372932434
743,PEG指标是什么？,1,False,-0.12624885141849518,-0.16782674193382263,-0.07358799874782562
744,同业存单指数基金是什么？,2,False,-0.08547879010438919,0.11340787261724472,-0.1804114431142807
745,境内黄金和境外黄金的价差（溢价）说明什么？,0,False,0.34322646260261536,-0.08245479315519333,-0.06140531226992607
746,净值化转型对债券投资意味着什么？,3,False,-0.1215599849820137,0.0885138139128685,-0.21672473847866058
747,美国总统大选对金价有影响吗？,0,False,0.3315262794494629,0.004533485975116491,0.05447140336036682
748,半年报和三季报什么时候发？,4,False,-0.1276794821023941,0.021192854270339012,0.1419319063425064
749,女朋友生气了怎么哄？,4,False,-0.03365310654044151,-0.08054643869400024,0.23398293554782867
750,如何识别庄股？,4,False,-0.12170672416687012,-0.08802992850542068,0.12842655181884766
751,代别人买卖黄金需要什么手续？,0,False,0.30169814825057983,-0.009766141884028912,0.09555947780609131
752,身份证丢了怎么补办？,4,False,-0.0061309146694839,-0.004778141621500254,0.2845672369003296
753,什么是大盘股、中盘股和小盘股？,4,False,-0.1478128582239151,-0.07891783118247986,0.02786141261458397
754,国内夜盘时间和美国重要数据发布重叠，该怎么应对？,4,False,0.0068654161877930164,0.024673402309417725,0.11009624600410461
755,如何区分洗盘和出货？,4,False,-0.08908288925886154,-0.059903696179389954,0.05939524620771408
756,为什么不能借钱或配资炒股？,4,False,-0.07897110283374786,0.08507341891527176,0.07833969593048096
757,芯片半导体基金还能追吗？,2,False,-0.029286524280905724,0.1933288723230362,0.07287426292896271
758,R4级基金风险大不大？,2,False,-0.06768572330474854,0.2126336395740509,-0.055651407688856125
759,如何开通或关闭创业板/科创板权限？,4,False,-0.13481402397155762,0.05106872320175171,0.17820678651332855
760,如何在股市中保持良好心态？,4,False,-0.11504705250263214,0.039063818752765656,0.10125194489955902
761,怎么在手机上盯盘？,4,False,-0.036251798272132874,0.020606888458132744,0.17549680173397064
762,个人可以参与黄金租赁吗？,0,False,0.21591366827487946,0.06390582770109177,0.05170092731714249
763,黄金在航空航天领域的应用有哪些？,0,False,0.3124507963657379,-0.11923792958259583,0.018923606723546982
764,什么是退市？,4,False,-0.16183151304721832,-0.11724624037742615,0.08854200690984726
765,基金名字后面的进取稳健是什么意思？,2,False,-0.11660334467887878,0.08050219714641571,-0.08285191655158997
766,纸黄金的买卖差价（点差）一般是多少？,0,False,0.275929719209671,-0.04069254547357559,-0.035612717270851135
767,满仓操作有什么风险？,4,False,-0.0663207545876503,0.09598672389984131,0.022414011880755424
768,盈利收益率法选指数基金有效吗？,2,False,-0.0539986751973629,0.23200543224811554,-0.023928608745336533
769,什么是股票？买股票就是成为公司的股东吗？,4,False,-0.12689940631389618,-0.04979584366083145,0.011541131883859634
770,什么是地量地价？,1,False,-0.0043607414700090885,-0.22641107439994812,-0.026070600375533104
771,家里水管漏水怎么办？,4,False,-0.0416535809636116,-0.030434051528573036,0.26907408237457275
772,周末和节假日可以买基金吗？,2,False,-0.004920951556414366,0.2927277982234955,0.0481751374900341
773,什么是锂电池材料？,1,False,-0.06436535716056824,-0.16762474179267883,0.01744549348950386
774,什么是黄金ETF的折价和溢价？,0,False,0.191982701420784,-0.032683081924915314,-0.15645171701908112
775,春季躁动是什么意思？,1,False,-0.0338304340839386,-0.16692595183849335,0.07362290471792221
776,债券评级下调会有什么影响？,3,False,-0.07362601906061172,0.014822096563875675,-0.10394684970378876
777,如何做基金动态平衡？,2,False,-0.09048080444335938,0.1357455551624298,-0.047342266887426376
778,什么是行业指数？,1,False,-0.1349133849143982,-0.16785350441932678,-0.07589637488126755
779,上海黄金交易所的账户怎么开？,0,False,0.20417819917201996,0.0272186491638422,0.08154483139514923
780,基金直销和代销有什么区别？,2,False,-0.023326968774199486,0.11028311401605606,-0.07183841615915298
781,如何防范黄金回购时的“偷金”现象？,0,False,0.2799855172634125,0.012090537697076797,0.04915685951709747
782,什么是基建股？,4,False,-0.17705580592155457,-0.0558030903339386,-0.03159954771399498
783,什么是北向资金？跟着北向资金买股票靠谱吗？,4,False,-0.09140542894601822,0.014037511311471462,0.000873040989972651
784,什么是融资融券（杠杆）？开通需要什么条件？,3,False,-0.09763017296791077,-0.043200183659791946,-0.08576080948114395
785,什么是实值、平值、虚值期权？,1,False,-0.06725598126649857,-0.11463358998298645,-0.11944901198148727
